et√†,maschi_italiani_2023,maschi_stranieri_2023,femmine_italiani_2023,femmine_stranieri_2023,survival_femmine,survival_maschi,fertility_italiani,fertility_stranieri,outmigration_2023,outmigration_2024,outmigration_2025,outmigration_2026,outmigration_2027,outmigration_2028,outmigration_2029,outmigration_2030,outmigration_2031,outmigration_2032,outmigration_2033,outmigration_2034,outmigration_2035,outmigration_2036,outmigration_2037,outmigration_2038,outmigration_2039,outmigration_2040,outmigration_2041,outmigration_2042,outmigration_2043,outmigration_2044,outmigration_2045,outmigration_2046,outmigration_2047,outmigration_2048,outmigration_2049,outmigration_2050,outmigration_2051,outmigration_2052,outmigration_2053,outmigration_2054,outmigration_2055,outmigration_2056,outmigration_2057,outmigration_2058,outmigration_2059,outmigration_2060,outmigration_2061,outmigration_2062,outmigration_2063,outmigration_2064,outmigration_2065,outmigration_2066,outmigration_2067,outmigration_2068,outmigration_2069,outmigration_2070,outmigration_2071,outmigration_2072,outmigration_2073,outmigration_2074,outmigration_2075,immigration_2023,immigration_2024,immigration_2025,immigration_2026,immigration_2027,immigration_2028,immigration_2029,immigration_2030,immigration_2031,immigration_2032,immigration_2033,immigration_2034,immigration_2035,immigration_2036,immigration_2037,immigration_2038,immigration_2039,immigration_2040,immigration_2041,immigration_2042,immigration_2043,immigration_2044,immigration_2045,immigration_2046,immigration_2047,immigration_2048,immigration_2049,immigration_2050,immigration_2051,immigration_2052,immigration_2053,immigration_2054,immigration_2055,immigration_2056,immigration_2057,immigration_2058,immigration_2059,immigration_2060,immigration_2061,immigration_2062,immigration_2063,immigration_2064,immigration_2065,immigration_2066,immigration_2067,immigration_2068,immigration_2069,immigration_2070,immigration_2071,immigration_2072,immigration_2073,immigration_2074,immigration_2075
0,176095,26991,165389,25445,0.9997701,0.99974042,0.0,0.0,141764,141630,141540,141425,141345,141298,141293,141209,141068,141071,140921,140641,140463,140316,140174,139812,139503,139274,139028,138875,138430,137790,137224,136807,136493,136146,135834,135552,135276,135122,134876,134772,134522,134378,134346,134234,134203,134299,134372,134583,134693,134929,134891,135424,135900,136298,136604,136902,137448,137596,138051,138653,139292,415556,403455,391445,379551,368829,358287,347844,339398,332343,326027,320819,317336,313461,310116,306988,306057,305386,304757,304233,303592,303278,302894,302621,302373,302277,302016,301722,301477,301086,300904,300995,300813,300952,300742,300980,301203,301603,301576,301495,301029,300861,300607,300716,301093,301152,301254,301245,302067,301470,301719,301785,302273,302390
1,180203,27015,171171,25863,0.99984282,0.99982011,0.0,0.0,141764,141630,141540,141425,141345,141298,141293,141209,141068,141071,140921,140641,140463,140316,140174,139812,139503,139274,139028,138875,138430,137790,137224,136807,136493,136146,135834,135552,135276,135122,134876,134772,134522,134378,134346,134234,134203,134299,134372,134583,134693,134929,134891,135424,135900,136298,136604,136902,137448,137596,138051,138653,139292,415556,403455,391445,379551,368829,358287,347844,339398,332343,326027,320819,317336,313461,310116,306988,306057,305386,304757,304233,303592,303278,302894,302621,302373,302277,302016,301722,301477,301086,300904,300995,300813,300952,300742,300980,301203,301603,301576,301495,301029,300861,300607,300716,301093,301152,301254,301245,302067,301470,301719,301785,302273,302390
2,182089,29607,171803,27748,0.9998942,0.99986672,0.0,0.0,141764,141630,141540,141425,141345,141298,141293,141209,141068,141071,140921,140641,140463,140316,140174,139812,139503,139274,139028,138875,138430,137790,137224,136807,136493,136146,135834,135552,135276,135122,134876,134772,134522,134378,134346,134234,134203,134299,134372,134583,134693,134929,134891,135424,135900,136298,136604,136902,137448,137596,138051,138653,139292,415556,403455,391445,379551,368829,358287,347844,339398,332343,326027,320819,317336,313461,310116,306988,306057,305386,304757,304233,303592,303278,302894,302621,302373,302277,302016,301722,301477,301086,300904,300995,300813,300952,300742,300980,301203,301603,301576,301495,301029,300861,300607,300716,301093,301152,301254,301245,302067,301470,301719,301785,302273,302390
3,188547,31172,179356,29376,0.99992192,0.99989551,0.0,0.0,141764,141630,141540,141425,141345,141298,141293,141209,141068,141071,140921,140641,140463,140316,140174,139812,139503,139274,139028,138875,138430,137790,137224,136807,136493,136146,135834,135552,135276,135122,134876,134772,134522,134378,134346,134234,134203,134299,134372,134583,134693,134929,134891,135424,135900,136298,136604,136902,137448,137596,138051,138653,139292,415556,403455,391445,379551,368829,358287,347844,339398,332343,326027,320819,317336,313461,310116,306988,306057,305386,304757,304233,303592,303278,302894,302621,302373,302277,302016,301722,301477,301086,300904,300995,300813,300952,300742,300980,301203,301603,301576,301495,301029,300861,300607,300716,301093,301152,301254,301245,302067,301470,301719,301785,302273,302390
4,198159,31922,187087,30206,0.99993229,0.99990869,0.0,0.0,141764,141630,141540,141425,141345,141298,141293,141209,141068,141071,140921,140641,140463,140316,140174,139812,139503,139274,139028,138875,138430,137790,137224,136807,136493,136146,135834,135552,135276,135122,134876,134772,134522,134378,134346,134234,134203,134299,134372,134583,134693,134929,134891,135424,135900,136298,136604,136902,137448,137596,138051,138653,139292,415556,403455,391445,379551,368829,358287,347844,339398,332343,326027,320819,317336,313461,310116,306988,306057,305386,304757,304233,303592,303278,302894,302621,302373,302277,302016,301722,301477,301086,300904,300995,300813,300952,300742,300980,301203,301603,301576,301495,301029,300861,300607,300716,301093,301152,301254,301245,302067,301470,301719,301785,302273,302390
5,206884,33504,195350,31402,0.99993169,0.99991119,0.0,0.0,141764,141630,141540,141425,141345,141298,141293,141209,141068,141071,140921,140641,140463,140316,140174,139812,139503,139274,139028,138875,138430,137790,137224,136807,136493,136146,135834,135552,135276,135122,134876,134772,134522,134378,134346,134234,134203,134299,134372,134583,134693,134929,134891,135424,135900,136298,136604,136902,137448,137596,138051,138653,139292,415556,403455,391445,379551,368829,358287,347844,339398,332343,326027,320819,317336,313461,310116,306988,306057,305386,304757,304233,303592,303278,302894,302621,302373,302277,302016,301722,301477,301086,300904,300995,300813,300952,300742,300980,301203,301603,301576,301495,301029,300861,300607,300716,301093,301152,301254,301245,302067,301470,301719,301785,302273,302390
6,213802,33203,203512,30800,0.99993122,0.9999131,0.0,0.0,141764,141630,141540,141425,141345,141298,141293,141209,141068,141071,140921,140641,140463,140316,140174,139812,139503,139274,139028,138875,138430,137790,137224,136807,136493,136146,135834,135552,135276,135122,134876,134772,134522,134378,134346,134234,134203,134299,134372,134583,134693,134929,134891,135424,135900,136298,136604,136902,137448,137596,138051,138653,139292,415556,403455,391445,379551,368829,358287,347844,339398,332343,326027,320819,317336,313461,310116,306988,306057,305386,304757,304233,303592,303278,302894,302621,302373,302277,302016,301722,301477,301086,300904,300995,300813,300952,300742,300980,301203,301603,301576,301495,301029,300861,300607,300716,301093,301152,301254,301245,302067,301470,301719,301785,302273,302390
7,221128,32449,209079,30495,0.99993342,0.99991667,0.0,0.0,141764,141630,141540,141425,141345,141298,141293,141209,141068,141071,140921,140641,140463,140316,140174,139812,139503,139274,139028,138875,138430,137790,137224,136807,136493,136146,135834,135552,135276,135122,134876,134772,134522,134378,134346,134234,134203,134299,134372,134583,134693,134929,134891,135424,135900,136298,136604,136902,137448,137596,138051,138653,139292,415556,403455,391445,379551,368829,358287,347844,339398,332343,326027,320819,317336,313461,310116,306988,306057,305386,304757,304233,303592,303278,302894,302621,302373,302277,302016,301722,301477,301086,300904,300995,300813,300952,300742,300980,301203,301603,301576,301495,301029,300861,300607,300716,301093,301152,301254,301245,302067,301470,301719,301785,302273,302390
8,228778,32386,216060,30506,0.99993348,0.9999218,0.0,0.0,141764,141630,141540,141425,141345,141298,141293,141209,141068,141071,140921,140641,140463,140316,140174,139812,139503,139274,139028,138875,138430,137790,137224,136807,136493,136146,135834,135552,135276,135122,134876,134772,134522,134378,134346,134234,134203,134299,134372,134583,134693,134929,134891,135424,135900,136298,136604,136902,137448,137596,138051,138653,139292,415556,403455,391445,379551,368829,358287,347844,339398,332343,326027,320819,317336,313461,310116,306988,306057,305386,304757,304233,303592,303278,302894,302621,302373,302277,302016,301722,301477,301086,300904,300995,300813,300952,300742,300980,301203,301603,301576,301495,301029,300861,300607,300716,301093,301152,301254,301245,302067,301470,301719,301785,302273,302390
9,233585,31340,220800,29384,0.99993122,0.999928,0.0,0.0,141764,141630,141540,141425,141345,141298,141293,141209,141068,141071,140921,140641,140463,140316,140174,139812,139503,139274,139028,138875,138430,137790,137224,136807,136493,136146,135834,135552,135276,135122,134876,134772,134522,134378,134346,134234,134203,134299,134372,134583,134693,134929,134891,135424,135900,136298,136604,136902,137448,137596,138051,138653,139292,415556,403455,391445,379551,368829,358287,347844,339398,332343,326027,320819,317336,313461,310116,306988,306057,305386,304757,304233,303592,303278,302894,302621,302373,302277,302016,301722,301477,301086,300904,300995,300813,300952,300742,300980,301203,301603,301576,301495,301029,300861,300607,300716,301093,301152,301254,301245,302067,301470,301719,301785,302273,302390
10,244731,31654,231763,29220,0.99992692,0.99992973,0.0,0.0,141764,141630,141540,141425,141345,141298,141293,141209,141068,141071,140921,140641,140463,140316,140174,139812,139503,139274,139028,138875,138430,137790,137224,136807,136493,136146,135834,135552,135276,135122,134876,134772,134522,134378,134346,134234,134203,134299,134372,134583,134693,134929,134891,135424,135900,136298,136604,136902,137448,137596,138051,138653,139292,415556,403455,391445,379551,368829,358287,347844,339398,332343,326027,320819,317336,313461,310116,306988,306057,305386,304757,304233,303592,303278,302894,302621,302373,302277,302016,301722,301477,301086,300904,300995,300813,300952,300742,300980,301203,301603,301576,301495,301029,300861,300607,300716,301093,301152,301254,301245,302067,301470,301719,301785,302273,302390
11,251420,29700,237820,27279,0.99992132,0.99992472,0.0,0.0,141764,141630,141540,141425,141345,141298,141293,141209,141068,141071,140921,140641,140463,140316,140174,139812,139503,139274,139028,138875,138430,137790,137224,136807,136493,136146,135834,135552,135276,135122,134876,134772,134522,134378,134346,134234,134203,134299,134372,134583,134693,134929,134891,135424,135900,136298,136604,136902,137448,137596,138051,138653,139292,415556,403455,391445,379551,368829,358287,347844,339398,332343,326027,320819,317336,313461,310116,306988,306057,305386,304757,304233,303592,303278,302894,302621,302373,302277,302016,301722,301477,301086,300904,300995,300813,300952,300742,300980,301203,301603,301576,301495,301029,300861,300607,300716,301093,301152,301254,301245,302067,301470,301719,301785,302273,302390
12,260572,29142,245480,26762,0.99991328,0.99991041,0.0,0.0,141764,141630,141540,141425,141345,141298,141293,141209,141068,141071,140921,140641,140463,140316,140174,139812,139503,139274,139028,138875,138430,137790,137224,136807,136493,136146,135834,135552,135276,135122,134876,134772,134522,134378,134346,134234,134203,134299,134372,134583,134693,134929,134891,135424,135900,136298,136604,136902,137448,137596,138051,138653,139292,415556,403455,391445,379551,368829,358287,347844,339398,332343,326027,320819,317336,313461,310116,306988,306057,305386,304757,304233,303592,303278,302894,302621,302373,302277,302016,301722,301477,301086,300904,300995,300813,300952,300742,300980,301203,301603,301576,301495,301029,300861,300607,300716,301093,301152,301254,301245,302067,301470,301719,301785,302273,302390
13,265449,28576,250278,26591,0.99990112,0.99988502,0.0,0.0,141764,141630,141540,141425,141345,141298,141293,141209,141068,141071,140921,140641,140463,140316,140174,139812,139503,139274,139028,138875,138430,137790,137224,136807,136493,136146,135834,135552,135276,135122,134876,134772,134522,134378,134346,134234,134203,134299,134372,134583,134693,134929,134891,135424,135900,136298,136604,136902,137448,137596,138051,138653,139292,415556,403455,391445,379551,368829,358287,347844,339398,332343,326027,320819,317336,313461,310116,306988,306057,305386,304757,304233,303592,303278,302894,302621,302373,302277,302016,301722,301477,301086,300904,300995,300813,300952,300742,300980,301203,301603,301576,301495,301029,300861,300607,300716,301093,301152,301254,301245,302067,301470,301719,301785,302273,302390
14,269165,28020,254912,25874,0.99989498,0.99985051,0.029999999,0.039999999,141764,141630,141540,141425,141345,141298,141293,141209,141068,141071,140921,140641,140463,140316,140174,139812,139503,139274,139028,138875,138430,137790,137224,136807,136493,136146,135834,135552,135276,135122,134876,134772,134522,134378,134346,134234,134203,134299,134372,134583,134693,134929,134891,135424,135900,136298,136604,136902,137448,137596,138051,138653,139292,415556,403455,391445,379551,368829,358287,347844,339398,332343,326027,320819,317336,313461,310116,306988,306057,305386,304757,304233,303592,303278,302894,302621,302373,302277,302016,301722,301477,301086,300904,300995,300813,300952,300742,300980,301203,301603,301576,301495,301029,300861,300607,300716,301093,301152,301254,301245,302067,301470,301719,301785,302273,302390
15,270238,27156,254819,24667,0.99988639,0.99980491,0.07,0.16,141764,141630,141540,141425,141345,141298,141293,141209,141068,141071,140921,140641,140463,140316,140174,139812,139503,139274,139028,138875,138430,137790,137224,136807,136493,136146,135834,135552,135276,135122,134876,134772,134522,134378,134346,134234,134203,134299,134372,134583,134693,134929,134891,135424,135900,136298,136604,136902,137448,137596,138051,138653,139292,415556,403455,391445,379551,368829,358287,347844,339398,332343,326027,320819,317336,313461,310116,306988,306057,305386,304757,304233,303592,303278,302894,302621,302373,302277,302016,301722,301477,301086,300904,300995,300813,300952,300742,300980,301203,301603,301576,301495,301029,300861,300607,300716,301093,301152,301254,301245,302067,301470,301719,301785,302273,302390
16,271898,26947,255779,23768,0.99986672,0.99975049,0.75999999,1.45,141764,141630,141540,141425,141345,141298,141293,141209,141068,141071,140921,140641,140463,140316,140174,139812,139503,139274,139028,138875,138430,137790,137224,136807,136493,136146,135834,135552,135276,135122,134876,134772,134522,134378,134346,134234,134203,134299,134372,134583,134693,134929,134891,135424,135900,136298,136604,136902,137448,137596,138051,138653,139292,415556,403455,391445,379551,368829,358287,347844,339398,332343,326027,320819,317336,313461,310116,306988,306057,305386,304757,304233,303592,303278,302894,302621,302373,302277,302016,301722,301477,301086,300904,300995,300813,300952,300742,300980,301203,301603,301576,301495,301029,300861,300607,300716,301093,301152,301254,301245,302067,301470,301719,301785,302273,302390
17,271749,26892,255197,22504,0.999856,0.99970329,1.53,5.1900001,141764,141630,141540,141425,141345,141298,141293,141209,141068,141071,140921,140641,140463,140316,140174,139812,139503,139274,139028,138875,138430,137790,137224,136807,136493,136146,135834,135552,135276,135122,134876,134772,134522,134378,134346,134234,134203,134299,134372,134583,134693,134929,134891,135424,135900,136298,136604,136902,137448,137596,138051,138653,139292,415556,403455,391445,379551,368829,358287,347844,339398,332343,326027,320819,317336,313461,310116,306988,306057,305386,304757,304233,303592,303278,302894,302621,302373,302277,302016,301722,301477,301086,300904,300995,300813,300952,300742,300980,301203,301603,301576,301495,301029,300861,300607,300716,301093,301152,301254,301245,302067,301470,301719,301785,302273,302390
18,277969,26224,262794,19352,0.99985331,0.99966562,3.1500001,12.29,141764,141630,141540,141425,141345,141298,141293,141209,141068,141071,140921,140641,140463,140316,140174,139812,139503,139274,139028,138875,138430,137790,137224,136807,136493,136146,135834,135552,135276,135122,134876,134772,134522,134378,134346,134234,134203,134299,134372,134583,134693,134929,134891,135424,135900,136298,136604,136902,137448,137596,138051,138653,139292,415556,403455,391445,379551,368829,358287,347844,339398,332343,326027,320819,317336,313461,310116,306988,306057,305386,304757,304233,303592,303278,302894,302621,302373,302277,302016,301722,301477,301086,300904,300995,300813,300952,300742,300980,301203,301603,301576,301495,301029,300861,300607,300716,301093,301152,301254,301245,302067,301470,301719,301785,302273,302390
19,276311,23741,260624,16479,0.99984813,0.99963301,5.6799998,28.73,141764,141630,141540,141425,141345,141298,141293,141209,141068,141071,140921,140641,140463,140316,140174,139812,139503,139274,139028,138875,138430,137790,137224,136807,136493,136146,135834,135552,135276,135122,134876,134772,134522,134378,134346,134234,134203,134299,134372,134583,134693,134929,134891,135424,135900,136298,136604,136902,137448,137596,138051,138653,139292,415556,403455,391445,379551,368829,358287,347844,339398,332343,326027,320819,317336,313461,310116,306988,306057,305386,304757,304233,303592,303278,302894,302621,302373,302277,302016,301722,301477,301086,300904,300995,300813,300952,300742,300980,301203,301603,301576,301495,301029,300861,300607,300716,301093,301152,301254,301245,302067,301470,301719,301785,302273,302390
20,272601,25515,257778,17888,0.99985111,0.99961138,7.8099999,46.619999,141764,141630,141540,141425,141345,141298,141293,141209,141068,141071,140921,140641,140463,140316,140174,139812,139503,139274,139028,138875,138430,137790,137224,136807,136493,136146,135834,135552,135276,135122,134876,134772,134522,134378,134346,134234,134203,134299,134372,134583,134693,134929,134891,135424,135900,136298,136604,136902,137448,137596,138051,138653,139292,415556,403455,391445,379551,368829,358287,347844,339398,332343,326027,320819,317336,313461,310116,306988,306057,305386,304757,304233,303592,303278,302894,302621,302373,302277,302016,301722,301477,301086,300904,300995,300813,300952,300742,300980,301203,301603,301576,301495,301029,300861,300607,300716,301093,301152,301254,301245,302067,301470,301719,301785,302273,302390
21,274301,28703,258606,20238,0.99985367,0.99959868,10.06,62.630001,141764,141630,141540,141425,141345,141298,141293,141209,141068,141071,140921,140641,140463,140316,140174,139812,139503,139274,139028,138875,138430,137790,137224,136807,136493,136146,135834,135552,135276,135122,134876,134772,134522,134378,134346,134234,134203,134299,134372,134583,134693,134929,134891,135424,135900,136298,136604,136902,137448,137596,138051,138653,139292,415556,403455,391445,379551,368829,358287,347844,339398,332343,326027,320819,317336,313461,310116,306988,306057,305386,304757,304233,303592,303278,302894,302621,302373,302277,302016,301722,301477,301086,300904,300995,300813,300952,300742,300980,301203,301603,301576,301495,301029,300861,300607,300716,301093,301152,301254,301245,302067,301470,301719,301785,302273,302390
22,277511,34336,260925,22949,0.99984759,0.99959022,13.1,80.43,141764,141630,141540,141425,141345,141298,141293,141209,141068,141071,140921,140641,140463,140316,140174,139812,139503,139274,139028,138875,138430,137790,137224,136807,136493,136146,135834,135552,135276,135122,134876,134772,134522,134378,134346,134234,134203,134299,134372,134583,134693,134929,134891,135424,135900,136298,136604,136902,137448,137596,138051,138653,139292,415556,403455,391445,379551,368829,358287,347844,339398,332343,326027,320819,317336,313461,310116,306988,306057,305386,304757,304233,303592,303278,302894,302621,302373,302277,302016,301722,301477,301086,300904,300995,300813,300952,300742,300980,301203,301603,301576,301495,301029,300861,300607,300716,301093,301152,301254,301245,302067,301470,301719,301785,302273,302390
23,270756,39656,255810,24589,0.99984288,0.9995904,16.18,95.279999,141764,141630,141540,141425,141345,141298,141293,141209,141068,141071,140921,140641,140463,140316,140174,139812,139503,139274,139028,138875,138430,137790,137224,136807,136493,136146,135834,135552,135276,135122,134876,134772,134522,134378,134346,134234,134203,134299,134372,134583,134693,134929,134891,135424,135900,136298,136604,136902,137448,137596,138051,138653,139292,415556,403455,391445,379551,368829,358287,347844,339398,332343,326027,320819,317336,313461,310116,306988,306057,305386,304757,304233,303592,303278,302894,302621,302373,302277,302016,301722,301477,301086,300904,300995,300813,300952,300742,300980,301203,301603,301576,301495,301029,300861,300607,300716,301093,301152,301254,301245,302067,301470,301719,301785,302273,302390
24,270322,44382,254282,27196,0.9998365,0.99959058,20.370001,103.04,141764,141630,141540,141425,141345,141298,141293,141209,141068,141071,140921,140641,140463,140316,140174,139812,139503,139274,139028,138875,138430,137790,137224,136807,136493,136146,135834,135552,135276,135122,134876,134772,134522,134378,134346,134234,134203,134299,134372,134583,134693,134929,134891,135424,135900,136298,136604,136902,137448,137596,138051,138653,139292,415556,403455,391445,379551,368829,358287,347844,339398,332343,326027,320819,317336,313461,310116,306988,306057,305386,304757,304233,303592,303278,302894,302621,302373,302277,302016,301722,301477,301086,300904,300995,300813,300952,300742,300980,301203,301603,301576,301495,301029,300861,300607,300716,301093,301152,301254,301245,302067,301470,301719,301785,302273,302390
25,267000,44008,252414,30526,0.99983013,0.99957699,26.65,112.17,141764,141630,141540,141425,141345,141298,141293,141209,141068,141071,140921,140641,140463,140316,140174,139812,139503,139274,139028,138875,138430,137790,137224,136807,136493,136146,135834,135552,135276,135122,134876,134772,134522,134378,134346,134234,134203,134299,134372,134583,134693,134929,134891,135424,135900,136298,136604,136902,137448,137596,138051,138653,139292,415556,403455,391445,379551,368829,358287,347844,339398,332343,326027,320819,317336,313461,310116,306988,306057,305386,304757,304233,303592,303278,302894,302621,302373,302277,302016,301722,301477,301086,300904,300995,300813,300952,300742,300980,301203,301603,301576,301495,301029,300861,300607,300716,301093,301152,301254,301245,302067,301470,301719,301785,302273,302390
26,266094,44817,251898,32948,0.99982572,0.99954712,35.119999,120.2,141764,141630,141540,141425,141345,141298,141293,141209,141068,141071,140921,140641,140463,140316,140174,139812,139503,139274,139028,138875,138430,137790,137224,136807,136493,136146,135834,135552,135276,135122,134876,134772,134522,134378,134346,134234,134203,134299,134372,134583,134693,134929,134891,135424,135900,136298,136604,136902,137448,137596,138051,138653,139292,415556,403455,391445,379551,368829,358287,347844,339398,332343,326027,320819,317336,313461,310116,306988,306057,305386,304757,304233,303592,303278,302894,302621,302373,302277,302016,301722,301477,301086,300904,300995,300813,300952,300742,300980,301203,301603,301576,301495,301029,300861,300607,300716,301093,301152,301254,301245,302067,301470,301719,301785,302273,302390
27,263642,45018,249308,35994,0.999816,0.99951577,44.919998,118.98,141764,141630,141540,141425,141345,141298,141293,141209,141068,141071,140921,140641,140463,140316,140174,139812,139503,139274,139028,138875,138430,137790,137224,136807,136493,136146,135834,135552,135276,135122,134876,134772,134522,134378,134346,134234,134203,134299,134372,134583,134693,134929,134891,135424,135900,136298,136604,136902,137448,137596,138051,138653,139292,415556,403455,391445,379551,368829,358287,347844,339398,332343,326027,320819,317336,313461,310116,306988,306057,305386,304757,304233,303592,303278,302894,302621,302373,302277,302016,301722,301477,301086,300904,300995,300813,300952,300742,300980,301203,301603,301576,301495,301029,300861,300607,300716,301093,301152,301254,301245,302067,301470,301719,301785,302273,302390
28,264665,45298,251899,38656,0.99980199,0.99949437,54.09,115.91,141764,141630,141540,141425,141345,141298,141293,141209,141068,141071,140921,140641,140463,140316,140174,139812,139503,139274,139028,138875,138430,137790,137224,136807,136493,136146,135834,135552,135276,135122,134876,134772,134522,134378,134346,134234,134203,134299,134372,134583,134693,134929,134891,135424,135900,136298,136604,136902,137448,137596,138051,138653,139292,415556,403455,391445,379551,368829,358287,347844,339398,332343,326027,320819,317336,313461,310116,306988,306057,305386,304757,304233,303592,303278,302894,302621,302373,302277,302016,301722,301477,301086,300904,300995,300813,300952,300742,300980,301203,301603,301576,301495,301029,300861,300607,300716,301093,301152,301254,301245,302067,301470,301719,301785,302273,302390
29,269108,44638,257280,40459,0.99978888,0.99948323,67.209999,111.57,141764,141630,141540,141425,141345,141298,141293,141209,141068,141071,140921,140641,140463,140316,140174,139812,139503,139274,139028,138875,138430,137790,137224,136807,136493,136146,135834,135552,135276,135122,134876,134772,134522,134378,134346,134234,134203,134299,134372,134583,134693,134929,134891,135424,135900,136298,136604,136902,137448,137596,138051,138653,139292,415556,403455,391445,379551,368829,358287,347844,339398,332343,326027,320819,317336,313461,310116,306988,306057,305386,304757,304233,303592,303278,302894,302621,302373,302277,302016,301722,301477,301086,300904,300995,300813,300952,300742,300980,301203,301603,301576,301495,301029,300861,300607,300716,301093,301152,301254,301245,302067,301470,301719,301785,302273,302390
30,278754,48034,267425,43774,0.99976963,0.99947381,75.720001,104.16,141764,141630,141540,141425,141345,141298,141293,141209,141068,141071,140921,140641,140463,140316,140174,139812,139503,139274,139028,138875,138430,137790,137224,136807,136493,136146,135834,135552,135276,135122,134876,134772,134522,134378,134346,134234,134203,134299,134372,134583,134693,134929,134891,135424,135900,136298,136604,136902,137448,137596,138051,138653,139292,415556,403455,391445,379551,368829,358287,347844,339398,332343,326027,320819,317336,313461,310116,306988,306057,305386,304757,304233,303592,303278,302894,302621,302373,302277,302016,301722,301477,301086,300904,300995,300813,300952,300742,300980,301203,301603,301576,301495,301029,300861,300607,300716,301093,301152,301254,301245,302067,301470,301719,301785,302273,302390
31,277602,46685,266747,44899,0.99974507,0.99945968,84.379997,100.86,141764,141630,141540,141425,141345,141298,141293,141209,141068,141071,140921,140641,140463,140316,140174,139812,139503,139274,139028,138875,138430,137790,137224,136807,136493,136146,135834,135552,135276,135122,134876,134772,134522,134378,134346,134234,134203,134299,134372,134583,134693,134929,134891,135424,135900,136298,136604,136902,137448,137596,138051,138653,139292,415556,403455,391445,379551,368829,358287,347844,339398,332343,326027,320819,317336,313461,310116,306988,306057,305386,304757,304233,303592,303278,302894,302621,302373,302277,302016,301722,301477,301086,300904,300995,300813,300952,300742,300980,301203,301603,301576,301495,301029,300861,300607,300716,301093,301152,301254,301245,302067,301470,301719,301785,302273,302390
32,279590,51678,269415,48263,0.99972671,0.99943358,88.5,91.0,141764,141630,141540,141425,141345,141298,141293,141209,141068,141071,140921,140641,140463,140316,140174,139812,139503,139274,139028,138875,138430,137790,137224,136807,136493,136146,135834,135552,135276,135122,134876,134772,134522,134378,134346,134234,134203,134299,134372,134583,134693,134929,134891,135424,135900,136298,136604,136902,137448,137596,138051,138653,139292,415556,403455,391445,379551,368829,358287,347844,339398,332343,326027,320819,317336,313461,310116,306988,306057,305386,304757,304233,303592,303278,302894,302621,302373,302277,302016,301722,301477,301086,300904,300995,300813,300952,300742,300980,301203,301603,301576,301495,301029,300861,300607,300716,301093,301152,301254,301245,302067,301470,301719,301785,302273,302390
33,275872,52101,267753,51761,0.99970859,0.99939471,89.099998,83.669998,141764,141630,141540,141425,141345,141298,141293,141209,141068,141071,140921,140641,140463,140316,140174,139812,139503,139274,139028,138875,138430,137790,137224,136807,136493,136146,135834,135552,135276,135122,134876,134772,134522,134378,134346,134234,134203,134299,134372,134583,134693,134929,134891,135424,135900,136298,136604,136902,137448,137596,138051,138653,139292,415556,403455,391445,379551,368829,358287,347844,339398,332343,326027,320819,317336,313461,310116,306988,306057,305386,304757,304233,303592,303278,302894,302621,302373,302277,302016,301722,301477,301086,300904,300995,300813,300952,300742,300980,301203,301603,301576,301495,301029,300861,300607,300716,301093,301152,301254,301245,302067,301470,301719,301785,302273,302390
34,280788,55740,272250,54992,0.9996838,0.99936491,87.220001,74.25,141764,141630,141540,141425,141345,141298,141293,141209,141068,141071,140921,140641,140463,140316,140174,139812,139503,139274,139028,138875,138430,137790,137224,136807,136493,136146,135834,135552,135276,135122,134876,134772,134522,134378,134346,134234,134203,134299,134372,134583,134693,134929,134891,135424,135900,136298,136604,136902,137448,137596,138051,138653,139292,415556,403455,391445,379551,368829,358287,347844,339398,332343,326027,320819,317336,313461,310116,306988,306057,305386,304757,304233,303592,303278,302894,302621,302373,302277,302016,301722,301477,301086,300904,300995,300813,300952,300742,300980,301203,301603,301576,301495,301029,300861,300607,300716,301093,301152,301254,301245,302067,301470,301719,301785,302273,302390
35,272324,56809,265652,56515,0.99965417,0.999336,83.080002,67.910004,141764,141630,141540,141425,141345,141298,141293,141209,141068,141071,140921,140641,140463,140316,140174,139812,139503,139274,139028,138875,138430,137790,137224,136807,136493,136146,135834,135552,135276,135122,134876,134772,134522,134378,134346,134234,134203,134299,134372,134583,134693,134929,134891,135424,135900,136298,136604,136902,137448,137596,138051,138653,139292,415556,403455,391445,379551,368829,358287,347844,339398,332343,326027,320819,317336,313461,310116,306988,306057,305386,304757,304233,303592,303278,302894,302621,302373,302277,302016,301722,301477,301086,300904,300995,300813,300952,300742,300980,301203,301603,301576,301495,301029,300861,300607,300716,301093,301152,301254,301245,302067,301470,301719,301785,302273,302390
36,272748,57087,267741,56660,0.99961448,0.99928522,73.800003,60.5,141764,141630,141540,141425,141345,141298,141293,141209,141068,141071,140921,140641,140463,140316,140174,139812,139503,139274,139028,138875,138430,137790,137224,136807,136493,136146,135834,135552,135276,135122,134876,134772,134522,134378,134346,134234,134203,134299,134372,134583,134693,134929,134891,135424,135900,136298,136604,136902,137448,137596,138051,138653,139292,415556,403455,391445,379551,368829,358287,347844,339398,332343,326027,320819,317336,313461,310116,306988,306057,305386,304757,304233,303592,303278,302894,302621,302373,302277,302016,301722,301477,301086,300904,300995,300813,300952,300742,300980,301203,301603,301576,301495,301029,300861,300607,300716,301093,301152,301254,301245,302067,301470,301719,301785,302273,302390
37,282174,56786,279722,55614,0.99955928,0.99922448,63.790001,51.41,141764,141630,141540,141425,141345,141298,141293,141209,141068,141071,140921,140641,140463,140316,140174,139812,139503,139274,139028,138875,138430,137790,137224,136807,136493,136146,135834,135552,135276,135122,134876,134772,134522,134378,134346,134234,134203,134299,134372,134583,134693,134929,134891,135424,135900,136298,136604,136902,137448,137596,138051,138653,139292,415556,403455,391445,379551,368829,358287,347844,339398,332343,326027,320819,317336,313461,310116,306988,306057,305386,304757,304233,303592,303278,302894,302621,302373,302277,302016,301722,301477,301086,300904,300995,300813,300952,300742,300980,301203,301603,301576,301495,301029,300861,300607,300716,301093,301152,301254,301245,302067,301470,301719,301785,302273,302390
38,288547,56884,286027,55906,0.99950647,0.9991588,52.720001,44.889999,141764,141630,141540,141425,141345,141298,141293,141209,141068,141071,140921,140641,140463,140316,140174,139812,139503,139274,139028,138875,138430,137790,137224,136807,136493,136146,135834,135552,135276,135122,134876,134772,134522,134378,134346,134234,134203,134299,134372,134583,134693,134929,134891,135424,135900,136298,136604,136902,137448,137596,138051,138653,139292,415556,403455,391445,379551,368829,358287,347844,339398,332343,326027,320819,317336,313461,310116,306988,306057,305386,304757,304233,303592,303278,302894,302621,302373,302277,302016,301722,301477,301086,300904,300995,300813,300952,300742,300980,301203,301603,301576,301495,301029,300861,300607,300716,301093,301152,301254,301245,302067,301470,301719,301785,302273,302390
39,296164,55378,293165,54760,0.99945652,0.9990676,42.5,37.369999,141764,141630,141540,141425,141345,141298,141293,141209,141068,141071,140921,140641,140463,140316,140174,139812,139503,139274,139028,138875,138430,137790,137224,136807,136493,136146,135834,135552,135276,135122,134876,134772,134522,134378,134346,134234,134203,134299,134372,134583,134693,134929,134891,135424,135900,136298,136604,136902,137448,137596,138051,138653,139292,415556,403455,391445,379551,368829,358287,347844,339398,332343,326027,320819,317336,313461,310116,306988,306057,305386,304757,304233,303592,303278,302894,302621,302373,302277,302016,301722,301477,301086,300904,300995,300813,300952,300742,300980,301203,301603,301576,301495,301029,300861,300607,300716,301093,301152,301254,301245,302067,301470,301719,301785,302273,302390
40,305271,57527,304622,56046,0.9993993,0.9989723,31.120001,27.92,141764,141630,141540,141425,141345,141298,141293,141209,141068,141071,140921,140641,140463,140316,140174,139812,139503,139274,139028,138875,138430,137790,137224,136807,136493,136146,135834,135552,135276,135122,134876,134772,134522,134378,134346,134234,134203,134299,134372,134583,134693,134929,134891,135424,135900,136298,136604,136902,137448,137596,138051,138653,139292,415556,403455,391445,379551,368829,358287,347844,339398,332343,326027,320819,317336,313461,310116,306988,306057,305386,304757,304233,303592,303278,302894,302621,302373,302277,302016,301722,301477,301086,300904,300995,300813,300952,300742,300980,301203,301603,301576,301495,301029,300861,300607,300716,301093,301152,301254,301245,302067,301470,301719,301785,302273,302390
41,308118,55637,308777,54955,0.99934107,0.99886262,23.17,21.4,141764,141630,141540,141425,141345,141298,141293,141209,141068,141071,140921,140641,140463,140316,140174,139812,139503,139274,139028,138875,138430,137790,137224,136807,136493,136146,135834,135552,135276,135122,134876,134772,134522,134378,134346,134234,134203,134299,134372,134583,134693,134929,134891,135424,135900,136298,136604,136902,137448,137596,138051,138653,139292,415556,403455,391445,379551,368829,358287,347844,339398,332343,326027,320819,317336,313461,310116,306988,306057,305386,304757,304233,303592,303278,302894,302621,302373,302277,302016,301722,301477,301086,300904,300995,300813,300952,300742,300980,301203,301603,301576,301495,301029,300861,300607,300716,301093,301152,301254,301245,302067,301470,301719,301785,302273,302390
42,316505,57821,315744,55598,0.99927181,0.99873137,14.52,13.68,141764,141630,141540,141425,141345,141298,141293,141209,141068,141071,140921,140641,140463,140316,140174,139812,139503,139274,139028,138875,138430,137790,137224,136807,136493,136146,135834,135552,135276,135122,134876,134772,134522,134378,134346,134234,134203,134299,134372,134583,134693,134929,134891,135424,135900,136298,136604,136902,137448,137596,138051,138653,139292,415556,403455,391445,379551,368829,358287,347844,339398,332343,326027,320819,317336,313461,310116,306988,306057,305386,304757,304233,303592,303278,302894,302621,302373,302277,302016,301722,301477,301086,300904,300995,300813,300952,300742,300980,301203,301603,301576,301495,301029,300861,300607,300716,301093,301152,301254,301245,302067,301470,301719,301785,302273,302390
43,329059,54340,329517,55487,0.99918288,0.99859971,9.0299997,9.4499998,141764,141630,141540,141425,141345,141298,141293,141209,141068,141071,140921,140641,140463,140316,140174,139812,139503,139274,139028,138875,138430,137790,137224,136807,136493,136146,135834,135552,135276,135122,134876,134772,134522,134378,134346,134234,134203,134299,134372,134583,134693,134929,134891,135424,135900,136298,136604,136902,137448,137596,138051,138653,139292,415556,403455,391445,379551,368829,358287,347844,339398,332343,326027,320819,317336,313461,310116,306988,306057,305386,304757,304233,303592,303278,302894,302621,302373,302277,302016,301722,301477,301086,300904,300995,300813,300952,300742,300980,301203,301603,301576,301495,301029,300861,300607,300716,301093,301152,301254,301245,302067,301470,301719,301785,302273,302390
44,350313,53556,350419,54252,0.9990871,0.99846542,5.5900002,5.1599998,141764,141630,141540,141425,141345,141298,141293,141209,141068,141071,140921,140641,140463,140316,140174,139812,139503,139274,139028,138875,138430,137790,137224,136807,136493,136146,135834,135552,135276,135122,134876,134772,134522,134378,134346,134234,134203,134299,134372,134583,134693,134929,134891,135424,135900,136298,136604,136902,137448,137596,138051,138653,139292,415556,403455,391445,379551,368829,358287,347844,339398,332343,326027,320819,317336,313461,310116,306988,306057,305386,304757,304233,303592,303278,302894,302621,302373,302277,302016,301722,301477,301086,300904,300995,300813,300952,300742,300980,301203,301603,301576,301495,301029,300861,300607,300716,301093,301152,301254,301245,302067,301470,301719,301785,302273,302390
45,364306,51139,365931,53240,0.99898112,0.99832582,3.4000001,3.49,141764,141630,141540,141425,141345,141298,141293,141209,141068,141071,140921,140641,140463,140316,140174,139812,139503,139274,139028,138875,138430,137790,137224,136807,136493,136146,135834,135552,135276,135122,134876,134772,134522,134378,134346,134234,134203,134299,134372,134583,134693,134929,134891,135424,135900,136298,136604,136902,137448,137596,138051,138653,139292,415556,403455,391445,379551,368829,358287,347844,339398,332343,326027,320819,317336,313461,310116,306988,306057,305386,304757,304233,303592,303278,302894,302621,302373,302277,302016,301722,301477,301086,300904,300995,300813,300952,300742,300980,301203,301603,301576,301495,301029,300861,300607,300716,301093,301152,301254,301245,302067,301470,301719,301785,302273,302390
46,384067,49097,385001,52071,0.99888247,0.99818552,2.3,2.1500001,141764,141630,141540,141425,141345,141298,141293,141209,141068,141071,140921,140641,140463,140316,140174,139812,139503,139274,139028,138875,138430,137790,137224,136807,136493,136146,135834,135552,135276,135122,134876,134772,134522,134378,134346,134234,134203,134299,134372,134583,134693,134929,134891,135424,135900,136298,136604,136902,137448,137596,138051,138653,139292,415556,403455,391445,379551,368829,358287,347844,339398,332343,326027,320819,317336,313461,310116,306988,306057,305386,304757,304233,303592,303278,302894,302621,302373,302277,302016,301722,301477,301086,300904,300995,300813,300952,300742,300980,301203,301603,301576,301495,301029,300861,300607,300716,301093,301152,301254,301245,302067,301470,301719,301785,302273,302390
47,405712,47314,407037,50996,0.99880791,0.99802029,1.4299999,1.05,141764,141630,141540,141425,141345,141298,141293,141209,141068,141071,140921,140641,140463,140316,140174,139812,139503,139274,139028,138875,138430,137790,137224,136807,136493,136146,135834,135552,135276,135122,134876,134772,134522,134378,134346,134234,134203,134299,134372,134583,134693,134929,134891,135424,135900,136298,136604,136902,137448,137596,138051,138653,139292,415556,403455,391445,379551,368829,358287,347844,339398,332343,326027,320819,317336,313461,310116,306988,306057,305386,304757,304233,303592,303278,302894,302621,302373,302277,302016,301722,301477,301086,300904,300995,300813,300952,300742,300980,301203,301603,301576,301495,301029,300861,300607,300716,301093,301152,301254,301245,302067,301470,301719,301785,302273,302390
48,426390,44168,426794,49528,0.99871212,0.99784118,0.99000001,0.86000001,141764,141630,141540,141425,141345,141298,141293,141209,141068,141071,140921,140641,140463,140316,140174,139812,139503,139274,139028,138875,138430,137790,137224,136807,136493,136146,135834,135552,135276,135122,134876,134772,134522,134378,134346,134234,134203,134299,134372,134583,134693,134929,134891,135424,135900,136298,136604,136902,137448,137596,138051,138653,139292,415556,403455,391445,379551,368829,358287,347844,339398,332343,326027,320819,317336,313461,310116,306988,306057,305386,304757,304233,303592,303278,302894,302621,302373,302277,302016,301722,301477,301086,300904,300995,300813,300952,300742,300980,301203,301603,301576,301495,301029,300861,300607,300716,301093,301152,301254,301245,302067,301470,301719,301785,302273,302390
49,425980,40478,427731,46997,0.99860108,0.9976567,0.58999997,0.51999998,141764,141630,141540,141425,141345,141298,141293,141209,141068,141071,140921,140641,140463,140316,140174,139812,139503,139274,139028,138875,138430,137790,137224,136807,136493,136146,135834,135552,135276,135122,134876,134772,134522,134378,134346,134234,134203,134299,134372,134583,134693,134929,134891,135424,135900,136298,136604,136902,137448,137596,138051,138653,139292,415556,403455,391445,379551,368829,358287,347844,339398,332343,326027,320819,317336,313461,310116,306988,306057,305386,304757,304233,303592,303278,302894,302621,302373,302277,302016,301722,301477,301086,300904,300995,300813,300952,300742,300980,301203,301603,301576,301495,301029,300861,300607,300716,301093,301152,301254,301245,302067,301470,301719,301785,302273,302390
50,431164,39939,431416,46716,0.99848229,0.99746227,1.08,0.92000002,141764,141630,141540,141425,141345,141298,141293,141209,141068,141071,140921,140641,140463,140316,140174,139812,139503,139274,139028,138875,138430,137790,137224,136807,136493,136146,135834,135552,135276,135122,134876,134772,134522,134378,134346,134234,134203,134299,134372,134583,134693,134929,134891,135424,135900,136298,136604,136902,137448,137596,138051,138653,139292,415556,403455,391445,379551,368829,358287,347844,339398,332343,326027,320819,317336,313461,310116,306988,306057,305386,304757,304233,303592,303278,302894,302621,302373,302277,302016,301722,301477,301086,300904,300995,300813,300952,300742,300980,301203,301603,301576,301495,301029,300861,300607,300716,301093,301152,301254,301245,302067,301470,301719,301785,302273,302390
51,436656,36581,439251,45220,0.99835241,0.99725711,0.0,0.0,141764,141630,141540,141425,141345,141298,141293,141209,141068,141071,140921,140641,140463,140316,140174,139812,139503,139274,139028,138875,138430,137790,137224,136807,136493,136146,135834,135552,135276,135122,134876,134772,134522,134378,134346,134234,134203,134299,134372,134583,134693,134929,134891,135424,135900,136298,136604,136902,137448,137596,138051,138653,139292,415556,403455,391445,379551,368829,358287,347844,339398,332343,326027,320819,317336,313461,310116,306988,306057,305386,304757,304233,303592,303278,302894,302621,302373,302277,302016,301722,301477,301086,300904,300995,300813,300952,300742,300980,301203,301603,301576,301495,301029,300861,300607,300716,301093,301152,301254,301245,302067,301470,301719,301785,302273,302390
52,432068,36503,434484,45137,0.9982177,0.99698991,0.0,0.0,141764,141630,141540,141425,141345,141298,141293,141209,141068,141071,140921,140641,140463,140316,140174,139812,139503,139274,139028,138875,138430,137790,137224,136807,136493,136146,135834,135552,135276,135122,134876,134772,134522,134378,134346,134234,134203,134299,134372,134583,134693,134929,134891,135424,135900,136298,136604,136902,137448,137596,138051,138653,139292,415556,403455,391445,379551,368829,358287,347844,339398,332343,326027,320819,317336,313461,310116,306988,306057,305386,304757,304233,303592,303278,302894,302621,302373,302277,302016,301722,301477,301086,300904,300995,300813,300952,300742,300980,301203,301603,301576,301495,301029,300861,300607,300716,301093,301152,301254,301245,302067,301470,301719,301785,302273,302390
53,444988,34806,448247,44407,0.99805897,0.99662918,0.0,0.0,141764,141630,141540,141425,141345,141298,141293,141209,141068,141071,140921,140641,140463,140316,140174,139812,139503,139274,139028,138875,138430,137790,137224,136807,136493,136146,135834,135552,135276,135122,134876,134772,134522,134378,134346,134234,134203,134299,134372,134583,134693,134929,134891,135424,135900,136298,136604,136902,137448,137596,138051,138653,139292,415556,403455,391445,379551,368829,358287,347844,339398,332343,326027,320819,317336,313461,310116,306988,306057,305386,304757,304233,303592,303278,302894,302621,302373,302277,302016,301722,301477,301086,300904,300995,300813,300952,300742,300980,301203,301603,301576,301495,301029,300861,300607,300716,301093,301152,301254,301245,302067,301470,301719,301785,302273,302390
54,440937,33971,443899,45075,0.9978652,0.9962548,0.0,0.0,141764,141630,141540,141425,141345,141298,141293,141209,141068,141071,140921,140641,140463,140316,140174,139812,139503,139274,139028,138875,138430,137790,137224,136807,136493,136146,135834,135552,135276,135122,134876,134772,134522,134378,134346,134234,134203,134299,134372,134583,134693,134929,134891,135424,135900,136298,136604,136902,137448,137596,138051,138653,139292,415556,403455,391445,379551,368829,358287,347844,339398,332343,326027,320819,317336,313461,310116,306988,306057,305386,304757,304233,303592,303278,302894,302621,302373,302277,302016,301722,301477,301086,300904,300995,300813,300952,300742,300980,301203,301603,301576,301495,301029,300861,300607,300716,301093,301152,301254,301245,302067,301470,301719,301785,302273,302390
55,444241,30591,448876,42973,0.99764258,0.99587142,0.0,0.0,141764,141630,141540,141425,141345,141298,141293,141209,141068,141071,140921,140641,140463,140316,140174,139812,139503,139274,139028,138875,138430,137790,137224,136807,136493,136146,135834,135552,135276,135122,134876,134772,134522,134378,134346,134234,134203,134299,134372,134583,134693,134929,134891,135424,135900,136298,136604,136902,137448,137596,138051,138653,139292,415556,403455,391445,379551,368829,358287,347844,339398,332343,326027,320819,317336,313461,310116,306988,306057,305386,304757,304233,303592,303278,302894,302621,302373,302277,302016,301722,301477,301086,300904,300995,300813,300952,300742,300980,301203,301603,301576,301495,301029,300861,300607,300716,301093,301152,301254,301245,302067,301470,301719,301785,302273,302390
56,453759,25957,458782,35631,0.99741709,0.99544328,0.0,0.0,141764,141630,141540,141425,141345,141298,141293,141209,141068,141071,140921,140641,140463,140316,140174,139812,139503,139274,139028,138875,138430,137790,137224,136807,136493,136146,135834,135552,135276,135122,134876,134772,134522,134378,134346,134234,134203,134299,134372,134583,134693,134929,134891,135424,135900,136298,136604,136902,137448,137596,138051,138653,139292,415556,403455,391445,379551,368829,358287,347844,339398,332343,326027,320819,317336,313461,310116,306988,306057,305386,304757,304233,303592,303278,302894,302621,302373,302277,302016,301722,301477,301086,300904,300995,300813,300952,300742,300980,301203,301603,301576,301495,301029,300861,300607,300716,301093,301152,301254,301245,302067,301470,301719,301785,302273,302390
57,452765,24324,458749,34375,0.99721128,0.9950456,0.0,0.0,141764,141630,141540,141425,141345,141298,141293,141209,141068,141071,140921,140641,140463,140316,140174,139812,139503,139274,139028,138875,138430,137790,137224,136807,136493,136146,135834,135552,135276,135122,134876,134772,134522,134378,134346,134234,134203,134299,134372,134583,134693,134929,134891,135424,135900,136298,136604,136902,137448,137596,138051,138653,139292,415556,403455,391445,379551,368829,358287,347844,339398,332343,326027,320819,317336,313461,310116,306988,306057,305386,304757,304233,303592,303278,302894,302621,302373,302277,302016,301722,301477,301086,300904,300995,300813,300952,300742,300980,301203,301603,301576,301495,301029,300861,300607,300716,301093,301152,301254,301245,302067,301470,301719,301785,302273,302390
58,458743,22830,465280,34468,0.99695033,0.99463928,0.0,0.0,141764,141630,141540,141425,141345,141298,141293,141209,141068,141071,140921,140641,140463,140316,140174,139812,139503,139274,139028,138875,138430,137790,137224,136807,136493,136146,135834,135552,135276,135122,134876,134772,134522,134378,134346,134234,134203,134299,134372,134583,134693,134929,134891,135424,135900,136298,136604,136902,137448,137596,138051,138653,139292,415556,403455,391445,379551,368829,358287,347844,339398,332343,326027,320819,317336,313461,310116,306988,306057,305386,304757,304233,303592,303278,302894,302621,302373,302277,302016,301722,301477,301086,300904,300995,300813,300952,300742,300980,301203,301603,301576,301495,301029,300861,300607,300716,301093,301152,301254,301245,302067,301470,301719,301785,302273,302390
59,427007,20780,437014,33456,0.99661517,0.99416029,0.0,0.0,141764,141630,141540,141425,141345,141298,141293,141209,141068,141071,140921,140641,140463,140316,140174,139812,139503,139274,139028,138875,138430,137790,137224,136807,136493,136146,135834,135552,135276,135122,134876,134772,134522,134378,134346,134234,134203,134299,134372,134583,134693,134929,134891,135424,135900,136298,136604,136902,137448,137596,138051,138653,139292,415556,403455,391445,379551,368829,358287,347844,339398,332343,326027,320819,317336,313461,310116,306988,306057,305386,304757,304233,303592,303278,302894,302621,302373,302277,302016,301722,301477,301086,300904,300995,300813,300952,300742,300980,301203,301603,301576,301495,301029,300861,300607,300716,301093,301152,301254,301245,302067,301470,301719,301785,302273,302390
60,410263,19495,422323,32268,0.9962765,0.99359149,0.0,0.0,141764,141630,141540,141425,141345,141298,141293,141209,141068,141071,140921,140641,140463,140316,140174,139812,139503,139274,139028,138875,138430,137790,137224,136807,136493,136146,135834,135552,135276,135122,134876,134772,134522,134378,134346,134234,134203,134299,134372,134583,134693,134929,134891,135424,135900,136298,136604,136902,137448,137596,138051,138653,139292,415556,403455,391445,379551,368829,358287,347844,339398,332343,326027,320819,317336,313461,310116,306988,306057,305386,304757,304233,303592,303278,302894,302621,302373,302277,302016,301722,301477,301086,300904,300995,300813,300952,300742,300980,301203,301603,301576,301495,301029,300861,300607,300716,301093,301152,301254,301245,302067,301470,301719,301785,302273,302390
61,401544,16735,414693,30644,0.9959026,0.99293512,0.0,0.0,141764,141630,141540,141425,141345,141298,141293,141209,141068,141071,140921,140641,140463,140316,140174,139812,139503,139274,139028,138875,138430,137790,137224,136807,136493,136146,135834,135552,135276,135122,134876,134772,134522,134378,134346,134234,134203,134299,134372,134583,134693,134929,134891,135424,135900,136298,136604,136902,137448,137596,138051,138653,139292,415556,403455,391445,379551,368829,358287,347844,339398,332343,326027,320819,317336,313461,310116,306988,306057,305386,304757,304233,303592,303278,302894,302621,302373,302277,302016,301722,301477,301086,300904,300995,300813,300952,300742,300980,301203,301603,301576,301495,301029,300861,300607,300716,301093,301152,301254,301245,302067,301470,301719,301785,302273,302390
62,386973,16550,400337,30247,0.995511,0.99214888,0.0,0.0,141764,141630,141540,141425,141345,141298,141293,141209,141068,141071,140921,140641,140463,140316,140174,139812,139503,139274,139028,138875,138430,137790,137224,136807,136493,136146,135834,135552,135276,135122,134876,134772,134522,134378,134346,134234,134203,134299,134372,134583,134693,134929,134891,135424,135900,136298,136604,136902,137448,137596,138051,138653,139292,415556,403455,391445,379551,368829,358287,347844,339398,332343,326027,320819,317336,313461,310116,306988,306057,305386,304757,304233,303592,303278,302894,302621,302373,302277,302016,301722,301477,301086,300904,300995,300813,300952,300742,300980,301203,301603,301576,301495,301029,300861,300607,300716,301093,301152,301254,301245,302067,301470,301719,301785,302273,302390
63,376965,14217,391360,27237,0.99511969,0.99126887,0.0,0.0,141764,141630,141540,141425,141345,141298,141293,141209,141068,141071,140921,140641,140463,140316,140174,139812,139503,139274,139028,138875,138430,137790,137224,136807,136493,136146,135834,135552,135276,135122,134876,134772,134522,134378,134346,134234,134203,134299,134372,134583,134693,134929,134891,135424,135900,136298,136604,136902,137448,137596,138051,138653,139292,415556,403455,391445,379551,368829,358287,347844,339398,332343,326027,320819,317336,313461,310116,306988,306057,305386,304757,304233,303592,303278,302894,302621,302373,302277,302016,301722,301477,301086,300904,300995,300813,300952,300742,300980,301203,301603,301576,301495,301029,300861,300607,300716,301093,301152,301254,301245,302067,301470,301719,301785,302273,302390
64,357061,13119,374424,25835,0.9946093,0.99032331,0.0,0.0,141764,141630,141540,141425,141345,141298,141293,141209,141068,141071,140921,140641,140463,140316,140174,139812,139503,139274,139028,138875,138430,137790,137224,136807,136493,136146,135834,135552,135276,135122,134876,134772,134522,134378,134346,134234,134203,134299,134372,134583,134693,134929,134891,135424,135900,136298,136604,136902,137448,137596,138051,138653,139292,415556,403455,391445,379551,368829,358287,347844,339398,332343,326027,320819,317336,313461,310116,306988,306057,305386,304757,304233,303592,303278,302894,302621,302373,302277,302016,301722,301477,301086,300904,300995,300813,300952,300742,300980,301203,301603,301576,301495,301029,300861,300607,300716,301093,301152,301254,301245,302067,301470,301719,301785,302273,302390
65,352452,11479,372024,23422,0.99397951,0.98927772,0.0,0.0,141764,141630,141540,141425,141345,141298,141293,141209,141068,141071,140921,140641,140463,140316,140174,139812,139503,139274,139028,138875,138430,137790,137224,136807,136493,136146,135834,135552,135276,135122,134876,134772,134522,134378,134346,134234,134203,134299,134372,134583,134693,134929,134891,135424,135900,136298,136604,136902,137448,137596,138051,138653,139292,415556,403455,391445,379551,368829,358287,347844,339398,332343,326027,320819,317336,313461,310116,306988,306057,305386,304757,304233,303592,303278,302894,302621,302373,302277,302016,301722,301477,301086,300904,300995,300813,300952,300742,300980,301203,301603,301576,301495,301029,300861,300607,300716,301093,301152,301254,301245,302067,301470,301719,301785,302273,302390
66,343716,10553,365040,21208,0.99336529,0.98817992,0.0,0.0,141764,141630,141540,141425,141345,141298,141293,141209,141068,141071,140921,140641,140463,140316,140174,139812,139503,139274,139028,138875,138430,137790,137224,136807,136493,136146,135834,135552,135276,135122,134876,134772,134522,134378,134346,134234,134203,134299,134372,134583,134693,134929,134891,135424,135900,136298,136604,136902,137448,137596,138051,138653,139292,415556,403455,391445,379551,368829,358287,347844,339398,332343,326027,320819,317336,313461,310116,306988,306057,305386,304757,304233,303592,303278,302894,302621,302373,302277,302016,301722,301477,301086,300904,300995,300813,300952,300742,300980,301203,301603,301576,301495,301029,300861,300607,300716,301093,301152,301254,301245,302067,301470,301719,301785,302273,302390
67,335084,9578,359264,18988,0.99277657,0.98705041,0.0,0.0,141764,141630,141540,141425,141345,141298,141293,141209,141068,141071,140921,140641,140463,140316,140174,139812,139503,139274,139028,138875,138430,137790,137224,136807,136493,136146,135834,135552,135276,135122,134876,134772,134522,134378,134346,134234,134203,134299,134372,134583,134693,134929,134891,135424,135900,136298,136604,136902,137448,137596,138051,138653,139292,415556,403455,391445,379551,368829,358287,347844,339398,332343,326027,320819,317336,313461,310116,306988,306057,305386,304757,304233,303592,303278,302894,302621,302373,302277,302016,301722,301477,301086,300904,300995,300813,300952,300742,300980,301203,301603,301576,301495,301029,300861,300607,300716,301093,301152,301254,301245,302067,301470,301719,301785,302273,302390
68,327741,8193,354812,16816,0.99211252,0.98574609,0.0,0.0,141764,141630,141540,141425,141345,141298,141293,141209,141068,141071,140921,140641,140463,140316,140174,139812,139503,139274,139028,138875,138430,137790,137224,136807,136493,136146,135834,135552,135276,135122,134876,134772,134522,134378,134346,134234,134203,134299,134372,134583,134693,134929,134891,135424,135900,136298,136604,136902,137448,137596,138051,138653,139292,415556,403455,391445,379551,368829,358287,347844,339398,332343,326027,320819,317336,313461,310116,306988,306057,305386,304757,304233,303592,303278,302894,302621,302373,302277,302016,301722,301477,301086,300904,300995,300813,300952,300742,300980,301203,301603,301576,301495,301029,300861,300607,300716,301093,301152,301254,301245,302067,301470,301719,301785,302273,302390
69,312003,6952,337753,14434,0.99127817,0.98409432,0.0,0.0,141764,141630,141540,141425,141345,141298,141293,141209,141068,141071,140921,140641,140463,140316,140174,139812,139503,139274,139028,138875,138430,137790,137224,136807,136493,136146,135834,135552,135276,135122,134876,134772,134522,134378,134346,134234,134203,134299,134372,134583,134693,134929,134891,135424,135900,136298,136604,136902,137448,137596,138051,138653,139292,415556,403455,391445,379551,368829,358287,347844,339398,332343,326027,320819,317336,313461,310116,306988,306057,305386,304757,304233,303592,303278,302894,302621,302373,302277,302016,301722,301477,301086,300904,300995,300813,300952,300742,300980,301203,301603,301576,301495,301029,300861,300607,300716,301093,301152,301254,301245,302067,301470,301719,301785,302273,302390
70,302844,6344,333180,13143,0.99025428,0.98217982,0.0,0.0,141764,141630,141540,141425,141345,141298,141293,141209,141068,141071,140921,140641,140463,140316,140174,139812,139503,139274,139028,138875,138430,137790,137224,136807,136493,136146,135834,135552,135276,135122,134876,134772,134522,134378,134346,134234,134203,134299,134372,134583,134693,134929,134891,135424,135900,136298,136604,136902,137448,137596,138051,138653,139292,415556,403455,391445,379551,368829,358287,347844,339398,332343,326027,320819,317336,313461,310116,306988,306057,305386,304757,304233,303592,303278,302894,302621,302373,302277,302016,301722,301477,301086,300904,300995,300813,300952,300742,300980,301203,301603,301576,301495,301029,300861,300607,300716,301093,301152,301254,301245,302067,301470,301719,301785,302273,302390
71,299205,5402,332286,11075,0.98899978,0.98005557,0.0,0.0,141764,141630,141540,141425,141345,141298,141293,141209,141068,141071,140921,140641,140463,140316,140174,139812,139503,139274,139028,138875,138430,137790,137224,136807,136493,136146,135834,135552,135276,135122,134876,134772,134522,134378,134346,134234,134203,134299,134372,134583,134693,134929,134891,135424,135900,136298,136604,136902,137448,137596,138051,138653,139292,415556,403455,391445,379551,368829,358287,347844,339398,332343,326027,320819,317336,313461,310116,306988,306057,305386,304757,304233,303592,303278,302894,302621,302373,302277,302016,301722,301477,301086,300904,300995,300813,300952,300742,300980,301203,301603,301576,301495,301029,300861,300607,300716,301093,301152,301254,301245,302067,301470,301719,301785,302273,302390
72,306030,5404,343133,10631,0.98758572,0.97798789,0.0,0.0,141764,141630,141540,141425,141345,141298,141293,141209,141068,141071,140921,140641,140463,140316,140174,139812,139503,139274,139028,138875,138430,137790,137224,136807,136493,136146,135834,135552,135276,135122,134876,134772,134522,134378,134346,134234,134203,134299,134372,134583,134693,134929,134891,135424,135900,136298,136604,136902,137448,137596,138051,138653,139292,415556,403455,391445,379551,368829,358287,347844,339398,332343,326027,320819,317336,313461,310116,306988,306057,305386,304757,304233,303592,303278,302894,302621,302373,302277,302016,301722,301477,301086,300904,300995,300813,300952,300742,300980,301203,301603,301576,301495,301029,300861,300607,300716,301093,301152,301254,301245,302067,301470,301719,301785,302273,302390
73,304050,4641,344081,9062,0.98604661,0.97578192,0.0,0.0,141764,141630,141540,141425,141345,141298,141293,141209,141068,141071,140921,140641,140463,140316,140174,139812,139503,139274,139028,138875,138430,137790,137224,136807,136493,136146,135834,135552,135276,135122,134876,134772,134522,134378,134346,134234,134203,134299,134372,134583,134693,134929,134891,135424,135900,136298,136604,136902,137448,137596,138051,138653,139292,415556,403455,391445,379551,368829,358287,347844,339398,332343,326027,320819,317336,313461,310116,306988,306057,305386,304757,304233,303592,303278,302894,302621,302373,302277,302016,301722,301477,301086,300904,300995,300813,300952,300742,300980,301203,301603,301576,301495,301029,300861,300607,300716,301093,301152,301254,301245,302067,301470,301719,301785,302273,302390
74,311493,4107,358286,7783,0.98434901,0.97367179,0.0,0.0,141764,141630,141540,141425,141345,141298,141293,141209,141068,141071,140921,140641,140463,140316,140174,139812,139503,139274,139028,138875,138430,137790,137224,136807,136493,136146,135834,135552,135276,135122,134876,134772,134522,134378,134346,134234,134203,134299,134372,134583,134693,134929,134891,135424,135900,136298,136604,136902,137448,137596,138051,138653,139292,415556,403455,391445,379551,368829,358287,347844,339398,332343,326027,320819,317336,313461,310116,306988,306057,305386,304757,304233,303592,303278,302894,302621,302373,302277,302016,301722,301477,301086,300904,300995,300813,300952,300742,300980,301203,301603,301576,301495,301029,300861,300607,300716,301093,301152,301254,301245,302067,301470,301719,301785,302273,302390
75,298903,3573,347500,6523,0.9823423,0.97153139,0.0,0.0,141764,141630,141540,141425,141345,141298,141293,141209,141068,141071,140921,140641,140463,140316,140174,139812,139503,139274,139028,138875,138430,137790,137224,136807,136493,136146,135834,135552,135276,135122,134876,134772,134522,134378,134346,134234,134203,134299,134372,134583,134693,134929,134891,135424,135900,136298,136604,136902,137448,137596,138051,138653,139292,415556,403455,391445,379551,368829,358287,347844,339398,332343,326027,320819,317336,313461,310116,306988,306057,305386,304757,304233,303592,303278,302894,302621,302373,302277,302016,301722,301477,301086,300904,300995,300813,300952,300742,300980,301203,301603,301576,301495,301029,300861,300607,300716,301093,301152,301254,301245,302067,301470,301719,301785,302273,302390
76,291165,2992,345307,5404,0.9799372,0.9684177,0.0,0.0,141764,141630,141540,141425,141345,141298,141293,141209,141068,141071,140921,140641,140463,140316,140174,139812,139503,139274,139028,138875,138430,137790,137224,136807,136493,136146,135834,135552,135276,135122,134876,134772,134522,134378,134346,134234,134203,134299,134372,134583,134693,134929,134891,135424,135900,136298,136604,136902,137448,137596,138051,138653,139292,415556,403455,391445,379551,368829,358287,347844,339398,332343,326027,320819,317336,313461,310116,306988,306057,305386,304757,304233,303592,303278,302894,302621,302373,302277,302016,301722,301477,301086,300904,300995,300813,300952,300742,300980,301203,301603,301576,301495,301029,300861,300607,300716,301093,301152,301254,301245,302067,301470,301719,301785,302273,302390
77,217012,2550,263000,4324,0.97710788,0.96428788,0.0,0.0,141764,141630,141540,141425,141345,141298,141293,141209,141068,141071,140921,140641,140463,140316,140174,139812,139503,139274,139028,138875,138430,137790,137224,136807,136493,136146,135834,135552,135276,135122,134876,134772,134522,134378,134346,134234,134203,134299,134372,134583,134693,134929,134891,135424,135900,136298,136604,136902,137448,137596,138051,138653,139292,415556,403455,391445,379551,368829,358287,347844,339398,332343,326027,320819,317336,313461,310116,306988,306057,305386,304757,304233,303592,303278,302894,302621,302373,302277,302016,301722,301477,301086,300904,300995,300813,300952,300742,300980,301203,301603,301576,301495,301029,300861,300607,300716,301093,301152,301254,301245,302067,301470,301719,301785,302273,302390
78,216588,2384,267656,3999,0.97399771,0.9596355,0.0,0.0,141764,141630,141540,141425,141345,141298,141293,141209,141068,141071,140921,140641,140463,140316,140174,139812,139503,139274,139028,138875,138430,137790,137224,136807,136493,136146,135834,135552,135276,135122,134876,134772,134522,134378,134346,134234,134203,134299,134372,134583,134693,134929,134891,135424,135900,136298,136604,136902,137448,137596,138051,138653,139292,415556,403455,391445,379551,368829,358287,347844,339398,332343,326027,320819,317336,313461,310116,306988,306057,305386,304757,304233,303592,303278,302894,302621,302373,302277,302016,301722,301477,301086,300904,300995,300813,300952,300742,300980,301203,301603,301576,301495,301029,300861,300607,300716,301093,301152,301254,301245,302067,301470,301719,301785,302273,302390
79,209324,2144,266918,3669,0.97014111,0.9536832,0.0,0.0,141764,141630,141540,141425,141345,141298,141293,141209,141068,141071,140921,140641,140463,140316,140174,139812,139503,139274,139028,138875,138430,137790,137224,136807,136493,136146,135834,135552,135276,135122,134876,134772,134522,134378,134346,134234,134203,134299,134372,134583,134693,134929,134891,135424,135900,136298,136604,136902,137448,137596,138051,138653,139292,415556,403455,391445,379551,368829,358287,347844,339398,332343,326027,320819,317336,313461,310116,306988,306057,305386,304757,304233,303592,303278,302894,302621,302373,302277,302016,301722,301477,301086,300904,300995,300813,300952,300742,300980,301203,301603,301576,301495,301029,300861,300607,300716,301093,301152,301254,301245,302067,301470,301719,301785,302273,302390
80,199647,2107,259935,3662,0.96554178,0.94697499,0.0,0.0,141764,141630,141540,141425,141345,141298,141293,141209,141068,141071,140921,140641,140463,140316,140174,139812,139503,139274,139028,138875,138430,137790,137224,136807,136493,136146,135834,135552,135276,135122,134876,134772,134522,134378,134346,134234,134203,134299,134372,134583,134693,134929,134891,135424,135900,136298,136604,136902,137448,137596,138051,138653,139292,415556,403455,391445,379551,368829,358287,347844,339398,332343,326027,320819,317336,313461,310116,306988,306057,305386,304757,304233,303592,303278,302894,302621,302373,302277,302016,301722,301477,301086,300904,300995,300813,300952,300742,300980,301203,301603,301576,301495,301029,300861,300607,300716,301093,301152,301254,301245,302067,301470,301719,301785,302273,302390
81,192311,1581,257091,2786,0.96058482,0.94066751,0.0,0.0,141764,141630,141540,141425,141345,141298,141293,141209,141068,141071,140921,140641,140463,140316,140174,139812,139503,139274,139028,138875,138430,137790,137224,136807,136493,136146,135834,135552,135276,135122,134876,134772,134522,134378,134346,134234,134203,134299,134372,134583,134693,134929,134891,135424,135900,136298,136604,136902,137448,137596,138051,138653,139292,415556,403455,391445,379551,368829,358287,347844,339398,332343,326027,320819,317336,313461,310116,306988,306057,305386,304757,304233,303592,303278,302894,302621,302373,302277,302016,301722,301477,301086,300904,300995,300813,300952,300742,300980,301203,301603,301576,301495,301029,300861,300607,300716,301093,301152,301254,301245,302067,301470,301719,301785,302273,302390
82,200071,1681,274879,2953,0.95508862,0.93380308,0.0,0.0,141764,141630,141540,141425,141345,141298,141293,141209,141068,141071,140921,140641,140463,140316,140174,139812,139503,139274,139028,138875,138430,137790,137224,136807,136493,136146,135834,135552,135276,135122,134876,134772,134522,134378,134346,134234,134203,134299,134372,134583,134693,134929,134891,135424,135900,136298,136604,136902,137448,137596,138051,138653,139292,415556,403455,391445,379551,368829,358287,347844,339398,332343,326027,320819,317336,313461,310116,306988,306057,305386,304757,304233,303592,303278,302894,302621,302373,302277,302016,301722,301477,301086,300904,300995,300813,300952,300742,300980,301203,301603,301576,301495,301029,300861,300607,300716,301093,301152,301254,301245,302067,301470,301719,301785,302273,302390
83,186126,1253,261353,2246,0.94937861,0.92687249,0.0,0.0,141764,141630,141540,141425,141345,141298,141293,141209,141068,141071,140921,140641,140463,140316,140174,139812,139503,139274,139028,138875,138430,137790,137224,136807,136493,136146,135834,135552,135276,135122,134876,134772,134522,134378,134346,134234,134203,134299,134372,134583,134693,134929,134891,135424,135900,136298,136604,136902,137448,137596,138051,138653,139292,415556,403455,391445,379551,368829,358287,347844,339398,332343,326027,320819,317336,313461,310116,306988,306057,305386,304757,304233,303592,303278,302894,302621,302373,302277,302016,301722,301477,301086,300904,300995,300813,300952,300742,300980,301203,301603,301576,301495,301029,300861,300607,300716,301093,301152,301254,301245,302067,301470,301719,301785,302273,302390
84,166756,1150,243581,2055,0.94237512,0.9188897,0.0,0.0,141764,141630,141540,141425,141345,141298,141293,141209,141068,141071,140921,140641,140463,140316,140174,139812,139503,139274,139028,138875,138430,137790,137224,136807,136493,136146,135834,135552,135276,135122,134876,134772,134522,134378,134346,134234,134203,134299,134372,134583,134693,134929,134891,135424,135900,136298,136604,136902,137448,137596,138051,138653,139292,415556,403455,391445,379551,368829,358287,347844,339398,332343,326027,320819,317336,313461,310116,306988,306057,305386,304757,304233,303592,303278,302894,302621,302373,302277,302016,301722,301477,301086,300904,300995,300813,300952,300742,300980,301203,301603,301576,301495,301029,300861,300607,300716,301093,301152,301254,301245,302067,301470,301719,301785,302273,302390
85,141371,986,214266,1685,0.9330163,0.9081797,0.0,0.0,141764,141630,141540,141425,141345,141298,141293,141209,141068,141071,140921,140641,140463,140316,140174,139812,139503,139274,139028,138875,138430,137790,137224,136807,136493,136146,135834,135552,135276,135122,134876,134772,134522,134378,134346,134234,134203,134299,134372,134583,134693,134929,134891,135424,135900,136298,136604,136902,137448,137596,138051,138653,139292,415556,403455,391445,379551,368829,358287,347844,339398,332343,326027,320819,317336,313461,310116,306988,306057,305386,304757,304233,303592,303278,302894,302621,302373,302277,302016,301722,301477,301086,300904,300995,300813,300952,300742,300980,301203,301603,301576,301495,301029,300861,300607,300716,301093,301152,301254,301245,302067,301470,301719,301785,302273,302390
86,118302,816,189512,1388,0.9218924,0.89485711,0.0,0.0,141764,141630,141540,141425,141345,141298,141293,141209,141068,141071,140921,140641,140463,140316,140174,139812,139503,139274,139028,138875,138430,137790,137224,136807,136493,136146,135834,135552,135276,135122,134876,134772,134522,134378,134346,134234,134203,134299,134372,134583,134693,134929,134891,135424,135900,136298,136604,136902,137448,137596,138051,138653,139292,415556,403455,391445,379551,368829,358287,347844,339398,332343,326027,320819,317336,313461,310116,306988,306057,305386,304757,304233,303592,303278,302894,302621,302373,302277,302016,301722,301477,301086,300904,300995,300813,300952,300742,300980,301203,301603,301576,301495,301029,300861,300607,300716,301093,301152,301254,301245,302067,301470,301719,301785,302273,302390
87,107406,709,179880,1072,0.90934682,0.88007432,0.0,0.0,141764,141630,141540,141425,141345,141298,141293,141209,141068,141071,140921,140641,140463,140316,140174,139812,139503,139274,139028,138875,138430,137790,137224,136807,136493,136146,135834,135552,135276,135122,134876,134772,134522,134378,134346,134234,134203,134299,134372,134583,134693,134929,134891,135424,135900,136298,136604,136902,137448,137596,138051,138653,139292,415556,403455,391445,379551,368829,358287,347844,339398,332343,326027,320819,317336,313461,310116,306988,306057,305386,304757,304233,303592,303278,302894,302621,302373,302277,302016,301722,301477,301086,300904,300995,300813,300952,300742,300980,301203,301603,301576,301495,301029,300861,300607,300716,301093,301152,301254,301245,302067,301470,301719,301785,302273,302390
88,90465,524,159948,896,0.89534318,0.8640461,0.0,0.0,141764,141630,141540,141425,141345,141298,141293,141209,141068,141071,140921,140641,140463,140316,140174,139812,139503,139274,139028,138875,138430,137790,137224,136807,136493,136146,135834,135552,135276,135122,134876,134772,134522,134378,134346,134234,134203,134299,134372,134583,134693,134929,134891,135424,135900,136298,136604,136902,137448,137596,138051,138653,139292,415556,403455,391445,379551,368829,358287,347844,339398,332343,326027,320819,317336,313461,310116,306988,306057,305386,304757,304233,303592,303278,302894,302621,302373,302277,302016,301722,301477,301086,300904,300995,300813,300952,300742,300980,301203,301603,301576,301495,301029,300861,300607,300716,301093,301152,301254,301245,302067,301470,301719,301785,302273,302390
89,74425,406,139701,718,0.87938303,0.8456254,0.0,0.0,141764,141630,141540,141425,141345,141298,141293,141209,141068,141071,140921,140641,140463,140316,140174,139812,139503,139274,139028,138875,138430,137790,137224,136807,136493,136146,135834,135552,135276,135122,134876,134772,134522,134378,134346,134234,134203,134299,134372,134583,134693,134929,134891,135424,135900,136298,136604,136902,137448,137596,138051,138653,139292,415556,403455,391445,379551,368829,358287,347844,339398,332343,326027,320819,317336,313461,310116,306988,306057,305386,304757,304233,303592,303278,302894,302621,302373,302277,302016,301722,301477,301086,300904,300995,300813,300952,300742,300980,301203,301603,301576,301495,301029,300861,300607,300716,301093,301152,301254,301245,302067,301470,301719,301785,302273,302390
90,59399,357,121137,636,0.8623451,0.82535011,0.0,0.0,141764,141630,141540,141425,141345,141298,141293,141209,141068,141071,140921,140641,140463,140316,140174,139812,139503,139274,139028,138875,138430,137790,137224,136807,136493,136146,135834,135552,135276,135122,134876,134772,134522,134378,134346,134234,134203,134299,134372,134583,134693,134929,134891,135424,135900,136298,136604,136902,137448,137596,138051,138653,139292,415556,403455,391445,379551,368829,358287,347844,339398,332343,326027,320819,317336,313461,310116,306988,306057,305386,304757,304233,303592,303278,302894,302621,302373,302277,302016,301722,301477,301086,300904,300995,300813,300952,300742,300980,301203,301603,301576,301495,301029,300861,300607,300716,301093,301152,301254,301245,302067,301470,301719,301785,302273,302390
91,48638,217,104532,387,0.84523833,0.80507749,0.0,0.0,141764,141630,141540,141425,141345,141298,141293,141209,141068,141071,140921,140641,140463,140316,140174,139812,139503,139274,139028,138875,138430,137790,137224,136807,136493,136146,135834,135552,135276,135122,134876,134772,134522,134378,134346,134234,134203,134299,134372,134583,134693,134929,134891,135424,135900,136298,136604,136902,137448,137596,138051,138653,139292,415556,403455,391445,379551,368829,358287,347844,339398,332343,326027,320819,317336,313461,310116,306988,306057,305386,304757,304233,303592,303278,302894,302621,302373,302277,302016,301722,301477,301086,300904,300995,300813,300952,300742,300980,301203,301603,301576,301495,301029,300861,300607,300716,301093,301152,301254,301245,302067,301470,301719,301785,302273,302390
92,39101,231,92383,449,0.82650542,0.78394592,0.0,0.0,141764,141630,141540,141425,141345,141298,141293,141209,141068,141071,140921,140641,140463,140316,140174,139812,139503,139274,139028,138875,138430,137790,137224,136807,136493,136146,135834,135552,135276,135122,134876,134772,134522,134378,134346,134234,134203,134299,134372,134583,134693,134929,134891,135424,135900,136298,136604,136902,137448,137596,138051,138653,139292,415556,403455,391445,379551,368829,358287,347844,339398,332343,326027,320819,317336,313461,310116,306988,306057,305386,304757,304233,303592,303278,302894,302621,302373,302277,302016,301722,301477,301086,300904,300995,300813,300952,300742,300980,301203,301603,301576,301495,301029,300861,300607,300716,301093,301152,301254,301245,302067,301470,301719,301785,302273,302390
93,27340,124,69971,286,0.80593729,0.76188833,0.0,0.0,141764,141630,141540,141425,141345,141298,141293,141209,141068,141071,140921,140641,140463,140316,140174,139812,139503,139274,139028,138875,138430,137790,137224,136807,136493,136146,135834,135552,135276,135122,134876,134772,134522,134378,134346,134234,134203,134299,134372,134583,134693,134929,134891,135424,135900,136298,136604,136902,137448,137596,138051,138653,139292,415556,403455,391445,379551,368829,358287,347844,339398,332343,326027,320819,317336,313461,310116,306988,306057,305386,304757,304233,303592,303278,302894,302621,302373,302277,302016,301722,301477,301086,300904,300995,300813,300952,300742,300980,301203,301603,301576,301495,301029,300861,300607,300716,301093,301152,301254,301245,302067,301470,301719,301785,302273,302390
94,19479,95,54818,202,0.7831561,0.74173957,0.0,0.0,141764,141630,141540,141425,141345,141298,141293,141209,141068,141071,140921,140641,140463,140316,140174,139812,139503,139274,139028,138875,138430,137790,137224,136807,136493,136146,135834,135552,135276,135122,134876,134772,134522,134378,134346,134234,134203,134299,134372,134583,134693,134929,134891,135424,135900,136298,136604,136902,137448,137596,138051,138653,139292,415556,403455,391445,379551,368829,358287,347844,339398,332343,326027,320819,317336,313461,310116,306988,306057,305386,304757,304233,303592,303278,302894,302621,302373,302277,302016,301722,301477,301086,300904,300995,300813,300952,300742,300980,301203,301603,301576,301495,301029,300861,300607,300716,301093,301152,301254,301245,302067,301470,301719,301785,302273,302390
95,13873,79,42312,188,0.75831312,0.7186603,0.0,0.0,141764,141630,141540,141425,141345,141298,141293,141209,141068,141071,140921,140641,140463,140316,140174,139812,139503,139274,139028,138875,138430,137790,137224,136807,136493,136146,135834,135552,135276,135122,134876,134772,134522,134378,134346,134234,134203,134299,134372,134583,134693,134929,134891,135424,135900,136298,136604,136902,137448,137596,138051,138653,139292,415556,403455,391445,379551,368829,358287,347844,339398,332343,326027,320819,317336,313461,310116,306988,306057,305386,304757,304233,303592,303278,302894,302621,302373,302277,302016,301722,301477,301086,300904,300995,300813,300952,300742,300980,301203,301603,301576,301495,301029,300861,300607,300716,301093,301152,301254,301245,302067,301470,301719,301785,302273,302390
96,9118,62,31322,130,0.73490578,0.692424,0.0,0.0,141764,141630,141540,141425,141345,141298,141293,141209,141068,141071,140921,140641,140463,140316,140174,139812,139503,139274,139028,138875,138430,137790,137224,136807,136493,136146,135834,135552,135276,135122,134876,134772,134522,134378,134346,134234,134203,134299,134372,134583,134693,134929,134891,135424,135900,136298,136604,136902,137448,137596,138051,138653,139292,415556,403455,391445,379551,368829,358287,347844,339398,332343,326027,320819,317336,313461,310116,306988,306057,305386,304757,304233,303592,303278,302894,302621,302373,302277,302016,301722,301477,301086,300904,300995,300813,300952,300742,300980,301203,301603,301576,301495,301029,300861,300607,300716,301093,301152,301254,301245,302067,301470,301719,301785,302273,302390
97,5839,40,22449,92,0.71362311,0.66875279,0.0,0.0,141764,141630,141540,141425,141345,141298,141293,141209,141068,141071,140921,140641,140463,140316,140174,139812,139503,139274,139028,138875,138430,137790,137224,136807,136493,136146,135834,135552,135276,135122,134876,134772,134522,134378,134346,134234,134203,134299,134372,134583,134693,134929,134891,135424,135900,136298,136604,136902,137448,137596,138051,138653,139292,415556,403455,391445,379551,368829,358287,347844,339398,332343,326027,320819,317336,313461,310116,306988,306057,305386,304757,304233,303592,303278,302894,302621,302373,302277,302016,301722,301477,301086,300904,300995,300813,300952,300742,300980,301203,301603,301576,301495,301029,300861,300607,300716,301093,301152,301254,301245,302067,301470,301719,301785,302273,302390
98,3976,24,15760,76,0.69103122,0.64503479,0.0,0.0,141764,141630,141540,141425,141345,141298,141293,141209,141068,141071,140921,140641,140463,140316,140174,139812,139503,139274,139028,138875,138430,137790,137224,136807,136493,136146,135834,135552,135276,135122,134876,134772,134522,134378,134346,134234,134203,134299,134372,134583,134693,134929,134891,135424,135900,136298,136604,136902,137448,137596,138051,138653,139292,415556,403455,391445,379551,368829,358287,347844,339398,332343,326027,320819,317336,313461,310116,306988,306057,305386,304757,304233,303592,303278,302894,302621,302373,302277,302016,301722,301477,301086,300904,300995,300813,300952,300742,300980,301203,301603,301576,301495,301029,300861,300607,300716,301093,301152,301254,301245,302067,301470,301719,301785,302273,302390
99,2489,39,10788,87,0.66391307,0.61868399,0.0,0.0,141764,141630,141540,141425,141345,141298,141293,141209,141068,141071,140921,140641,140463,140316,140174,139812,139503,139274,139028,138875,138430,137790,137224,136807,136493,136146,135834,135552,135276,135122,134876,134772,134522,134378,134346,134234,134203,134299,134372,134583,134693,134929,134891,135424,135900,136298,136604,136902,137448,137596,138051,138653,139292,415556,403455,391445,379551,368829,358287,347844,339398,332343,326027,320819,317336,313461,310116,306988,306057,305386,304757,304233,303592,303278,302894,302621,302373,302277,302016,301722,301477,301086,300904,300995,300813,300952,300742,300980,301203,301603,301576,301495,301029,300861,300607,300716,301093,301152,301254,301245,302067,301470,301719,301785,302273,302390
100,3361,93,16831,160,0.62982178,0.58664519,0.0,0.0,141764,141630,141540,141425,141345,141298,141293,141209,141068,141071,140921,140641,140463,140316,140174,139812,139503,139274,139028,138875,138430,137790,137224,136807,136493,136146,135834,135552,135276,135122,134876,134772,134522,134378,134346,134234,134203,134299,134372,134583,134693,134929,134891,135424,135900,136298,136604,136902,137448,137596,138051,138653,139292,415556,403455,391445,379551,368829,358287,347844,339398,332343,326027,320819,317336,313461,310116,306988,306057,305386,304757,304233,303592,303278,302894,302621,302373,302277,302016,301722,301477,301086,300904,300995,300813,300952,300742,300980,301203,301603,301576,301495,301029,300861,300607,300716,301093,301152,301254,301245,302067,301470,301719,301785,302273,302390
